<suite name = "Spicejet" parallel="tests">
<test name="Spicejet firefox Results">
<classes>
<parameter name="browser" value="firefox"></parameter>
<class name="testNG.SpicejetSearchParallel"></class>
</classes>
</test>

<test name="Spicejet chrome Results">
<classes>
<parameter name="browser" value="chrome"></parameter>
<class name="testNG.SpicejetSearchParallel"></class>
</classes>
</test>

<test name="Spicejet ie Results">
<classes>
<parameter name="browser" value="ie"></parameter>
<class name="testNG.SpicejetSearchParallel"></class>
</classes>
</test>

</suite>